{
    "build": {
      "arduino":{
        "ldscript": "esp32s3_out.ld",
        "partitions": "default_8MB.csv",
        "memory_type": "dio_opi"
      },
      "core": "esp32",
      "extra_flags": [
          "-DARDUINO_RUNNING_CORE=1",
          "-DARDUINO_EVENT_RUNNING_CORE=1",
          "-DBOARD_HAS_PSRAM",
          "-DESP32S3_DEV",
          "-DARDUINO_USB_MODE=0",
          "-DARDUINO_USB_CDC_ON_BOOT=0",
          "-mfix-esp32-psram-cache-issue"
      ],
      "f_cpu": "240000000L",
      "f_flash": "80000000L",
      "flash_mode": "dio",
      "psram_type": "opi",
      "hwids": [
        [
          "0X303A",
          "0x1001"
        ]
      ],
      "mcu": "esp32s3",
      "variant": "esp32s3"
    },
    "connectivity": [
      "wifi"
    ],
    "debug": {
      "default_tool": "esp-builtin",
      "onboard_tools": [
        "esp-builtin"
      ],
      "openocd_target": "esp32s3.cfg"
    },
    "frameworks": [
      "arduino",
      "espidf"
    ],
    "name": "Freenove ESP32-S3 WROOM N8R8 (8MB Flash / 8MB PSRAM)",
    "upload": {
      "flash_size": "8MB",
      "maximum_ram_size": 327680,
      "maximum_size": 8388608,
      "require_upload_port": true,
      "speed": 921600
    },
    "url": "https://github.com/Freenove/Freenove_ESP32_S3_WROOM_Board",
    "vendor": "Freenove"
  }
